customer_id,segment,drinks_alcohol,is_local,joined_date
1,occasional,False,True,2015-01-01
2,occasional,False,True,2015-01-01
3,regular,True,True,2015-01-01
4,occasional,False,False,2015-01-01
5,regular,True,True,2015-01-01
6,one_time,False,True,2015-01-01
7,one_time,True,False,2015-01-01
8,one_time,False,True,2015-01-01
9,regular,False,False,2015-01-01
10,occasional,True,False,2015-01-01
11,regular,True,True,2015-01-01
12,occasional,False,False,2015-01-01
13,occasional,True,False,2015-01-01
14,one_time,True,True,2015-01-01
15,one_time,False,False,2015-01-01
16,regular,False,False,2015-01-01
17,one_time,True,True,2015-01-01
18,occasional,True,True,2015-01-01
19,one_time,False,True,2015-01-01
20,regular,True,True,2015-01-01
21,one_time,False,True,2015-01-01
22,regular,True,False,2015-01-01
23,regular,True,False,2015-01-01
24,occasional,True,False,2015-01-01
25,one_time,False,False,2015-01-01
26,occasional,False,False,2015-01-01
27,regular,False,True,2015-01-01
28,one_time,True,True,2015-01-01
29,one_time,False,True,2015-01-01
30,occasional,True,True,2015-01-01
31,one_time,True,False,2015-01-01
32,one_time,False,True,2015-01-01
33,regular,False,True,2015-01-01
34,one_time,True,True,2015-01-01
35,one_time,False,True,2015-01-01
36,occasional,True,True,2015-01-01
37,one_time,True,False,2015-01-01
38,regular,False,True,2015-01-01
39,one_time,False,False,2015-01-01
40,occasional,False,True,2015-01-01
41,one_time,True,False,2015-01-01
42,occasional,False,True,2015-01-01
43,one_time,False,False,2015-01-01
44,one_time,True,False,2015-01-01
45,occasional,False,False,2015-01-01
46,one_time,False,True,2015-01-01
47,occasional,True,True,2015-01-01
48,one_time,True,False,2015-01-01
49,regular,False,True,2015-01-01
50,occasional,False,True,2015-01-01
51,regular,False,True,2015-01-01
52,regular,True,False,2015-01-01
53,occasional,True,True,2015-01-01
54,one_time,False,True,2015-01-01
55,occasional,True,True,2015-01-01
56,one_time,False,True,2015-01-01
57,one_time,False,True,2015-01-01
58,regular,False,True,2015-01-01
59,occasional,False,False,2015-01-01
60,regular,True,True,2015-01-01
61,occasional,False,True,2015-01-01
62,one_time,False,False,2015-01-01
63,occasional,True,True,2015-01-01
64,occasional,False,True,2015-01-01
65,occasional,False,True,2015-01-01
66,occasional,False,False,2015-01-01
67,occasional,False,True,2015-01-01
68,occasional,False,True,2015-01-01
69,occasional,False,False,2015-01-01
70,one_time,True,False,2015-01-01
71,occasional,False,False,2015-01-01
72,occasional,False,True,2015-01-01
73,one_time,True,False,2015-01-01
74,one_time,True,True,2015-01-01
75,one_time,True,False,2015-01-01
76,occasional,False,True,2015-01-01
77,one_time,True,True,2015-01-01
78,occasional,False,False,2015-01-01
79,occasional,False,True,2015-01-01
80,one_time,False,False,2015-01-01
81,regular,False,True,2015-01-01
82,regular,True,False,2015-01-01
83,one_time,True,False,2015-01-01
84,occasional,True,False,2015-01-01
85,one_time,False,False,2015-01-01
86,one_time,True,False,2015-01-01
87,one_time,False,False,2015-01-01
88,one_time,False,True,2015-01-01
89,occasional,False,False,2015-01-01
90,one_time,False,False,2015-01-01
91,one_time,False,True,2016-06-03
92,regular,False,False,2016-06-07
93,occasional,False,False,2016-07-01
94,one_time,True,True,2016-07-02
95,one_time,False,False,2016-07-05
96,one_time,False,True,2016-07-08
97,regular,True,True,2016-07-10
98,one_time,False,False,2016-07-11
99,one_time,True,True,2016-07-12
100,one_time,False,True,2016-07-19
101,regular,False,True,2016-07-20
102,occasional,False,False,2016-07-22
103,occasional,True,True,2016-07-25
104,occasional,False,True,2016-07-27
105,occasional,True,True,2016-07-29
106,regular,True,True,2016-08-05
107,occasional,False,False,2016-08-08
108,one_time,True,True,2016-08-11
109,one_time,True,True,2016-08-29
110,regular,True,False,2016-09-01
111,occasional,False,True,2016-09-02
112,occasional,False,True,2016-09-10
113,regular,True,True,2016-09-11
114,occasional,False,False,2016-09-15
115,one_time,True,True,2016-09-21
116,occasional,True,True,2016-09-27
117,occasional,False,True,2016-09-30
118,regular,False,False,2016-10-06
119,one_time,False,True,2016-10-11
120,occasional,True,True,2016-10-14
121,one_time,True,True,2016-10-17
122,one_time,False,True,2016-10-26
123,regular,True,False,2016-11-06
124,occasional,True,True,2016-11-07
125,occasional,False,True,2016-11-10
126,occasional,False,True,2016-11-18
127,occasional,False,True,2016-11-19
128,occasional,False,True,2016-11-21
129,occasional,False,True,2016-11-25
130,occasional,False,True,2016-11-27
131,regular,False,False,2016-11-28
132,one_time,False,True,2016-12-09
133,one_time,False,True,2016-12-10
134,one_time,True,True,2016-12-22
135,occasional,False,False,2016-12-24
136,occasional,False,False,2016-12-25
137,one_time,False,True,2017-01-05
138,regular,True,True,2017-01-13
139,one_time,False,True,2017-01-14
140,one_time,False,True,2017-01-15
141,one_time,True,True,2017-01-18
142,occasional,True,False,2017-01-20
143,one_time,True,True,2017-01-21
144,occasional,False,True,2017-01-29
145,one_time,False,True,2017-02-01
146,one_time,False,False,2017-02-02
147,occasional,False,False,2017-02-09
148,occasional,True,False,2017-02-10
149,regular,False,True,2017-02-12
150,one_time,False,False,2017-02-13
151,occasional,False,True,2017-02-15
152,occasional,False,True,2017-02-20
153,one_time,True,True,2017-02-24
154,occasional,False,True,2017-02-25
155,occasional,False,False,2017-02-26
156,one_time,False,True,2017-02-28
157,occasional,False,True,2017-03-07
158,one_time,False,False,2017-03-08
159,one_time,False,False,2017-03-12
160,occasional,False,True,2017-03-13
161,occasional,False,False,2017-03-14
162,one_time,False,True,2017-03-15
163,occasional,False,True,2017-03-20
164,regular,True,True,2017-03-22
165,regular,False,True,2017-03-25
166,one_time,True,True,2017-03-27
167,one_time,True,True,2017-03-29
168,one_time,True,True,2017-03-30
169,one_time,True,True,2017-04-04
170,one_time,False,True,2017-04-06
171,one_time,False,True,2017-04-09
172,regular,False,True,2017-04-12
173,occasional,True,False,2017-04-19
174,occasional,False,True,2017-04-20
175,occasional,False,True,2017-04-21
176,one_time,False,False,2017-04-22
177,occasional,False,True,2017-05-01
178,occasional,True,True,2017-05-07
179,occasional,False,False,2017-05-08
180,one_time,False,False,2017-05-12
181,occasional,False,True,2017-05-14
182,regular,True,False,2017-05-16
183,one_time,False,True,2017-05-22
184,regular,False,False,2017-06-08
185,occasional,False,True,2017-06-09
186,one_time,True,True,2017-06-10
187,regular,False,True,2017-06-13
188,one_time,True,True,2017-06-16
189,one_time,False,True,2017-06-21
190,one_time,True,True,2017-06-23
191,occasional,False,False,2017-06-25
192,occasional,True,True,2017-06-28
193,one_time,False,True,2017-06-29
194,regular,True,True,2017-07-06
195,one_time,False,True,2017-07-10
196,occasional,False,True,2017-07-12
197,one_time,True,True,2017-07-13
198,occasional,False,False,2017-07-14
199,regular,False,True,2017-07-17
200,occasional,True,False,2017-07-18
201,regular,True,True,2017-07-20
202,one_time,True,False,2017-07-23
203,regular,False,False,2017-07-29
204,occasional,False,True,2017-08-01
205,occasional,True,True,2017-08-02
206,occasional,True,True,2017-08-03
207,one_time,False,True,2017-08-05
208,one_time,False,False,2017-08-13
209,occasional,True,True,2017-08-15
210,regular,False,False,2017-08-17
211,occasional,False,True,2017-08-20
212,one_time,False,False,2017-08-21
213,occasional,False,True,2017-08-25
214,regular,False,True,2017-08-28
215,occasional,False,True,2017-09-02
216,one_time,False,True,2017-09-09
217,one_time,False,True,2017-09-11
218,one_time,False,True,2017-09-15
219,regular,False,False,2017-09-22
220,occasional,False,True,2017-09-23
221,one_time,True,False,2017-09-27
222,occasional,False,True,2017-09-29
223,one_time,False,False,2017-09-30
224,one_time,False,False,2017-10-01
225,occasional,True,False,2017-10-03
226,occasional,True,False,2017-10-04
227,one_time,True,False,2017-10-07
228,one_time,True,True,2017-10-09
229,regular,True,True,2017-10-12
230,occasional,False,False,2017-10-13
231,one_time,False,False,2017-10-14
232,one_time,False,True,2017-10-17
233,occasional,False,False,2017-10-21
234,occasional,False,False,2017-10-25
235,occasional,True,False,2017-10-27
236,one_time,False,True,2017-10-31
237,occasional,True,True,2017-11-02
238,occasional,True,True,2017-11-04
239,occasional,True,True,2017-11-09
240,occasional,False,True,2017-11-11
241,one_time,False,False,2017-11-13
242,one_time,True,True,2017-11-14
243,occasional,True,False,2017-11-21
244,regular,False,True,2017-11-24
245,one_time,False,True,2017-11-26
246,one_time,False,True,2017-12-04
247,occasional,False,True,2017-12-06
248,one_time,False,False,2017-12-09
249,one_time,False,True,2017-12-10
250,occasional,False,False,2017-12-23
251,one_time,True,True,2017-12-25
252,one_time,False,True,2017-12-30
253,occasional,False,True,2018-01-02
254,one_time,False,False,2018-01-08
255,one_time,False,True,2018-01-09
256,regular,True,False,2018-01-11
257,one_time,True,True,2018-01-16
258,one_time,False,True,2018-01-17
259,occasional,True,True,2018-01-19
260,one_time,False,False,2018-01-22
261,one_time,False,True,2018-01-25
262,occasional,True,False,2018-01-28
263,one_time,False,True,2018-01-30
264,occasional,True,True,2018-02-01
265,one_time,False,False,2018-02-02
266,occasional,False,True,2018-02-06
267,regular,False,True,2018-02-09
268,occasional,False,True,2018-02-10
269,occasional,True,True,2018-02-12
270,one_time,False,True,2018-02-20
271,occasional,False,True,2018-02-21
272,one_time,True,False,2018-02-22
273,one_time,True,True,2018-02-25
274,one_time,False,True,2018-02-27
275,one_time,False,True,2018-03-01
276,occasional,False,False,2018-03-03
277,occasional,True,True,2018-03-09
278,occasional,True,True,2018-03-11
279,occasional,False,False,2018-03-12
280,occasional,False,False,2018-03-14
281,occasional,False,True,2018-03-15
282,occasional,False,False,2018-03-16
283,occasional,False,True,2018-03-17
284,one_time,False,False,2018-03-19
285,one_time,True,True,2018-03-22
286,one_time,False,True,2018-03-23
287,occasional,False,True,2018-03-24
288,regular,True,True,2018-03-25
289,occasional,False,True,2018-03-28
290,regular,True,False,2018-03-29
291,occasional,True,True,2018-04-01
292,occasional,False,True,2018-04-03
293,occasional,False,True,2018-04-05
294,regular,True,False,2018-04-09
295,one_time,True,True,2018-04-11
296,occasional,True,True,2018-04-13
297,occasional,True,True,2018-04-14
298,occasional,True,True,2018-04-16
299,occasional,False,False,2018-04-17
300,occasional,False,True,2018-04-22
301,one_time,False,True,2018-04-23
302,occasional,False,True,2018-04-24
303,occasional,False,True,2018-04-26
304,regular,True,True,2018-04-27
305,one_time,False,True,2018-04-30
306,one_time,True,True,2018-05-01
307,one_time,False,True,2018-05-08
308,one_time,False,True,2018-05-09
309,occasional,False,True,2018-05-11
310,occasional,False,True,2018-05-13
311,occasional,False,False,2018-05-15
312,occasional,False,False,2018-05-16
313,occasional,False,True,2018-05-17
314,one_time,False,False,2018-05-19
315,occasional,False,False,2018-05-22
316,one_time,False,True,2018-05-24
317,occasional,False,True,2018-05-27
318,occasional,False,True,2018-05-28
319,occasional,False,True,2018-05-29
320,regular,True,False,2018-05-31
321,one_time,False,True,2018-06-01
322,occasional,True,True,2018-06-03
323,occasional,False,True,2018-06-04
324,regular,True,True,2018-06-05
325,regular,True,False,2018-06-07
326,regular,False,True,2018-06-10
327,regular,False,True,2018-06-12
328,one_time,True,True,2018-06-14
329,one_time,False,True,2018-06-16
330,occasional,False,False,2018-06-18
331,occasional,True,True,2018-06-19
332,one_time,True,True,2018-06-24
333,one_time,True,False,2018-06-26
334,one_time,False,True,2018-06-28
335,occasional,True,True,2018-07-03
336,one_time,True,True,2018-07-04
337,one_time,False,True,2018-07-05
338,one_time,False,True,2018-07-06
339,occasional,True,True,2018-07-11
340,occasional,False,True,2018-07-13
341,occasional,False,True,2018-07-15
342,occasional,True,True,2018-07-18
343,regular,False,True,2018-07-19
344,one_time,True,True,2018-07-21
345,one_time,False,True,2018-07-22
346,occasional,True,True,2018-07-25
347,occasional,True,True,2018-07-26
348,occasional,False,True,2018-07-28
349,one_time,False,False,2018-07-29
350,one_time,True,True,2018-08-05
351,occasional,False,False,2018-08-06
352,one_time,True,False,2018-08-07
353,regular,True,False,2018-08-09
354,one_time,False,True,2018-08-11
355,occasional,False,False,2018-08-12
356,regular,True,True,2018-08-14
357,occasional,False,False,2018-08-16
358,regular,False,True,2018-08-20
359,one_time,False,True,2018-08-21
360,one_time,False,True,2018-08-22
361,occasional,False,False,2018-08-23
362,one_time,True,True,2018-08-26
363,regular,False,True,2018-08-27
364,occasional,False,True,2018-08-29
365,occasional,False,False,2018-08-30
366,regular,True,False,2018-08-31
367,regular,False,True,2018-09-01
368,occasional,True,False,2018-09-02
369,occasional,False,True,2018-09-11
370,occasional,False,False,2018-09-15
371,occasional,False,False,2018-09-16
372,regular,True,True,2018-09-18
373,occasional,True,True,2018-09-19
374,one_time,False,True,2018-09-21
375,one_time,False,True,2018-09-22
376,regular,False,True,2018-09-23
377,one_time,True,True,2018-09-25
378,occasional,False,False,2018-09-27
379,one_time,True,True,2018-09-28
380,occasional,True,True,2018-09-30
381,one_time,False,True,2018-10-03
382,one_time,False,True,2018-10-07
383,occasional,True,True,2018-10-08
384,one_time,True,True,2018-10-09
385,occasional,False,True,2018-10-10
386,occasional,False,True,2018-10-13
387,occasional,False,True,2018-10-15
388,occasional,True,False,2018-10-18
389,one_time,False,True,2018-10-23
390,occasional,False,True,2018-10-26
391,occasional,False,True,2018-10-28
392,regular,False,False,2018-10-30
393,regular,True,True,2018-10-31
394,one_time,False,True,2018-11-01
395,one_time,True,False,2018-11-06
396,regular,True,True,2018-11-07
397,occasional,True,True,2018-11-15
398,regular,False,False,2018-11-17
399,regular,True,True,2018-11-18
400,one_time,False,True,2018-11-19
401,regular,True,True,2018-11-20
402,occasional,True,False,2018-11-22
403,regular,False,False,2018-11-23
404,regular,True,True,2018-11-25
405,occasional,True,False,2018-11-26
406,regular,False,True,2018-11-28
407,occasional,False,True,2018-12-01
408,occasional,False,True,2018-12-02
409,occasional,False,True,2018-12-03
410,occasional,True,True,2018-12-06
411,regular,True,False,2018-12-07
412,one_time,True,False,2018-12-13
413,one_time,True,False,2018-12-14
414,one_time,True,True,2018-12-16
415,occasional,False,True,2018-12-19
416,regular,True,False,2018-12-26
417,occasional,False,True,2018-12-29
418,one_time,False,True,2018-12-30
419,one_time,True,True,2018-12-31
420,occasional,True,False,2019-01-01
421,one_time,False,True,2019-01-02
422,regular,False,True,2019-01-04
423,one_time,False,True,2019-01-06
424,occasional,False,False,2019-01-10
425,occasional,True,True,2019-01-11
426,one_time,False,False,2019-01-12
427,occasional,True,True,2019-01-13
428,regular,False,True,2019-01-16
429,one_time,False,True,2019-01-17
430,occasional,True,False,2019-01-18
431,one_time,False,True,2019-01-19
432,regular,True,True,2019-01-22
433,regular,True,True,2019-01-28
434,one_time,False,True,2019-02-01
435,regular,False,True,2019-02-03
436,occasional,True,True,2019-02-04
437,one_time,False,True,2019-02-05
438,one_time,False,True,2019-02-07
439,one_time,True,False,2019-02-08
440,one_time,False,False,2019-02-09
441,regular,False,True,2019-02-12
442,occasional,False,False,2019-02-13
443,one_time,False,True,2019-02-14
444,regular,True,True,2019-02-16
445,regular,False,False,2019-02-17
446,occasional,True,True,2019-02-19
447,occasional,False,True,2019-02-22
448,occasional,False,True,2019-02-27
449,one_time,True,False,2019-02-28
450,occasional,True,True,2019-03-01
451,occasional,False,True,2019-03-04
452,one_time,False,False,2019-03-06
453,occasional,False,True,2019-03-07
454,regular,False,False,2019-03-08
455,one_time,True,True,2019-03-09
456,occasional,False,True,2019-03-14
457,one_time,True,False,2019-03-15
458,occasional,False,False,2019-03-16
459,regular,True,False,2019-03-19
460,occasional,True,False,2019-03-20
461,regular,True,True,2019-03-21
462,one_time,False,False,2019-03-22
463,occasional,True,False,2019-03-25
464,one_time,True,True,2019-03-26
465,one_time,False,True,2019-03-27
466,regular,True,True,2019-03-28
467,occasional,False,True,2019-03-31
468,one_time,False,True,2019-04-03
469,occasional,False,True,2019-04-04
470,regular,False,True,2019-04-10
471,occasional,True,True,2019-04-11
472,occasional,True,True,2019-04-12
473,occasional,True,True,2019-04-13
474,occasional,True,True,2019-04-14
475,occasional,True,False,2019-04-15
476,occasional,False,False,2019-04-16
477,occasional,False,True,2019-04-18
478,occasional,True,False,2019-04-22
479,one_time,False,True,2019-04-25
480,one_time,False,True,2019-05-04
481,one_time,True,True,2019-05-05
482,occasional,False,True,2019-05-07
483,one_time,True,True,2019-05-08
484,regular,False,True,2019-05-09
485,one_time,True,True,2019-05-12
486,occasional,False,True,2019-05-16
487,one_time,True,True,2019-05-18
488,one_time,True,False,2019-05-19
489,occasional,False,True,2019-05-21
490,one_time,False,True,2019-05-25
491,regular,True,True,2019-05-26
492,occasional,True,True,2019-05-27
493,regular,False,False,2019-05-29
494,occasional,True,False,2019-05-30
495,occasional,False,True,2019-05-31
496,one_time,False,True,2019-06-02
497,one_time,True,True,2019-06-03
498,occasional,False,True,2019-06-06
499,one_time,True,True,2019-06-08
500,regular,False,False,2019-06-11
501,one_time,False,False,2019-06-13
502,one_time,False,False,2019-06-14
503,occasional,True,True,2019-06-16
504,occasional,False,True,2019-06-18
505,regular,False,True,2019-06-19
506,occasional,False,False,2019-06-20
507,occasional,False,True,2019-06-26
508,occasional,False,True,2019-06-28
509,one_time,True,True,2019-06-30
510,occasional,True,True,2019-07-01
511,one_time,True,True,2019-07-04
512,one_time,False,True,2019-07-08
513,occasional,False,True,2019-07-12
514,regular,False,True,2019-07-14
515,regular,True,True,2019-07-15
516,one_time,True,False,2019-07-16
517,one_time,False,True,2019-07-20
518,regular,False,False,2019-07-21
519,occasional,False,False,2019-07-25
520,occasional,True,True,2019-07-27
521,one_time,False,False,2019-07-30
522,occasional,True,True,2019-07-31
523,occasional,False,False,2019-08-01
524,one_time,False,False,2019-08-05
525,regular,True,True,2019-08-07
526,one_time,False,False,2019-08-08
527,occasional,False,False,2019-08-09
528,occasional,True,False,2019-08-11
529,one_time,True,True,2019-08-14
530,occasional,False,False,2019-08-16
531,one_time,True,True,2019-08-17
532,occasional,True,True,2019-08-19
533,occasional,False,False,2019-08-22
534,regular,True,True,2019-08-24
535,regular,False,True,2019-08-25
536,one_time,False,False,2019-08-27
537,regular,True,True,2019-08-31
538,one_time,False,False,2019-09-05
539,occasional,True,True,2019-09-07
540,occasional,False,True,2019-09-08
541,occasional,True,False,2019-09-09
542,one_time,True,True,2019-09-10
543,occasional,False,False,2019-09-14
544,occasional,True,True,2019-09-16
545,one_time,True,True,2019-09-18
546,occasional,False,False,2019-09-19
547,one_time,False,True,2019-09-20
548,one_time,False,True,2019-09-21
549,occasional,False,False,2019-09-22
550,regular,False,True,2019-09-23
551,one_time,False,True,2019-09-30
552,one_time,False,False,2019-10-03
553,occasional,True,False,2019-10-04
554,one_time,False,True,2019-10-05
555,one_time,False,True,2019-10-06
556,regular,False,False,2019-10-07
557,one_time,False,True,2019-10-08
558,occasional,True,False,2019-10-10
559,one_time,True,True,2019-10-14
560,one_time,False,True,2019-10-18
561,one_time,False,False,2019-10-20
562,one_time,False,False,2019-10-22
563,regular,False,True,2019-10-23
564,one_time,False,True,2019-10-25
565,one_time,False,False,2019-10-26
566,one_time,True,True,2019-10-27
567,occasional,True,True,2019-10-28
568,occasional,True,True,2019-11-02
569,occasional,False,False,2019-11-04
570,occasional,True,True,2019-11-05
571,one_time,False,False,2019-11-06
572,occasional,False,False,2019-11-08
573,occasional,True,True,2019-11-09
574,occasional,True,False,2019-11-10
575,occasional,True,True,2019-11-14
576,one_time,True,False,2019-11-15
577,regular,False,True,2019-11-17
578,occasional,True,False,2019-11-18
579,one_time,True,True,2019-11-20
580,one_time,False,False,2019-11-23
581,regular,True,True,2019-11-25
582,regular,False,False,2019-11-26
583,one_time,True,False,2019-11-28
584,one_time,False,False,2019-11-30
585,one_time,False,True,2019-12-01
586,regular,True,False,2019-12-04
587,occasional,True,True,2019-12-05
588,occasional,False,False,2019-12-06
589,one_time,True,True,2019-12-07
590,one_time,True,True,2019-12-08
591,one_time,False,False,2019-12-09
592,occasional,False,False,2019-12-15
593,occasional,True,False,2019-12-18
594,occasional,True,True,2019-12-20
595,occasional,True,False,2019-12-25
596,occasional,False,True,2019-12-30
597,regular,True,True,2020-01-02
598,one_time,False,False,2020-01-04
599,occasional,True,True,2020-01-05
600,one_time,True,True,2020-01-06
601,regular,False,False,2020-01-08
602,occasional,False,True,2020-01-12
603,one_time,True,True,2020-01-13
604,regular,True,True,2020-01-14
605,one_time,False,True,2020-01-17
606,one_time,True,True,2020-01-18
607,occasional,False,True,2020-01-25
608,occasional,False,True,2020-01-26
609,one_time,False,True,2020-01-29
610,one_time,False,True,2020-02-05
611,one_time,False,True,2020-02-06
612,regular,False,False,2020-02-07
613,regular,False,False,2020-02-08
614,one_time,False,True,2020-02-09
615,occasional,False,True,2020-02-10
616,regular,False,True,2020-02-14
617,regular,True,True,2020-02-15
618,regular,False,False,2020-02-16
619,occasional,False,True,2020-02-19
620,one_time,False,True,2020-02-21
621,one_time,True,True,2020-02-25
622,occasional,True,False,2020-02-28
623,one_time,False,True,2020-03-02
624,regular,True,True,2020-03-03
625,one_time,False,True,2020-03-05
626,occasional,False,False,2020-03-07
627,occasional,True,False,2020-03-10
628,occasional,False,False,2020-03-11
629,one_time,False,True,2020-03-12
630,occasional,False,True,2020-03-13
631,occasional,True,True,2020-03-17
632,one_time,False,True,2020-03-18
633,one_time,True,False,2020-03-21
634,regular,False,True,2020-03-22
635,one_time,False,True,2020-03-25
636,occasional,False,True,2020-03-26
637,regular,False,True,2020-03-27
638,one_time,True,True,2020-03-30
639,occasional,True,False,2020-04-02
640,occasional,False,True,2020-04-03
641,occasional,False,False,2020-04-05
642,one_time,True,True,2020-04-06
643,occasional,False,False,2020-04-07
644,one_time,False,False,2020-04-09
645,one_time,False,True,2020-04-10
646,regular,True,True,2020-04-11
647,one_time,False,True,2020-04-14
648,one_time,True,False,2020-04-15
649,occasional,True,True,2020-04-17
650,one_time,False,False,2020-04-20
651,one_time,True,True,2020-04-21
652,occasional,True,False,2020-04-24
653,regular,False,False,2020-04-27
654,one_time,False,True,2020-04-28
655,regular,True,True,2020-04-30
656,occasional,False,True,2020-05-02
657,occasional,False,True,2020-05-03
658,one_time,False,True,2020-05-05
659,one_time,True,False,2020-05-06
660,regular,False,True,2020-05-08
661,one_time,False,True,2020-05-11
662,one_time,False,True,2020-05-15
663,occasional,True,False,2020-05-16
664,one_time,True,False,2020-05-18
665,one_time,False,True,2020-05-21
666,one_time,True,True,2020-05-22
667,regular,False,True,2020-05-25
668,occasional,False,True,2020-05-26
669,one_time,False,True,2020-05-28
670,occasional,False,True,2020-05-29
671,one_time,True,False,2020-05-30
672,one_time,False,False,2020-05-31
673,one_time,False,True,2020-06-01
674,one_time,False,True,2020-06-04
675,occasional,True,True,2020-06-06
676,occasional,False,True,2020-06-08
677,occasional,False,False,2020-06-11
678,one_time,False,True,2020-06-12
679,occasional,False,False,2020-06-14
680,regular,False,True,2020-06-16
681,regular,True,True,2020-06-18
682,occasional,False,True,2020-06-22
683,regular,False,False,2020-06-29
684,one_time,False,True,2020-07-02
685,occasional,True,True,2020-07-03
686,one_time,False,True,2020-07-04
687,one_time,False,True,2020-07-08
688,occasional,False,True,2020-07-10
689,regular,False,False,2020-07-11
690,one_time,False,True,2020-07-12
691,regular,True,True,2020-07-13
692,occasional,False,True,2020-07-14
693,regular,False,True,2020-07-15
694,one_time,False,False,2020-07-18
695,occasional,True,False,2020-07-19
696,occasional,True,True,2020-07-21
697,regular,False,True,2020-07-23
698,one_time,True,True,2020-07-28
699,one_time,False,False,2020-07-29
700,occasional,True,True,2020-07-30
701,one_time,False,False,2020-08-01
702,one_time,False,False,2020-08-02
703,one_time,False,False,2020-08-05
704,one_time,False,True,2020-08-07
705,one_time,False,True,2020-08-08
706,regular,False,False,2020-08-09
707,regular,True,True,2020-08-11
708,occasional,True,True,2020-08-18
709,one_time,False,True,2020-08-20
710,one_time,False,True,2020-08-21
711,one_time,True,False,2020-08-23
712,one_time,False,True,2020-08-24
713,occasional,False,True,2020-08-25
714,regular,True,True,2020-08-26
715,occasional,False,False,2020-08-28
716,regular,False,False,2020-08-30
717,one_time,True,True,2020-08-31
718,one_time,True,False,2020-09-02
719,occasional,False,False,2020-09-05
720,one_time,False,True,2020-09-07
721,one_time,False,False,2020-09-08
722,occasional,False,True,2020-09-09
723,occasional,True,True,2020-09-14
724,occasional,True,False,2020-09-16
725,occasional,False,True,2020-09-17
726,one_time,False,True,2020-09-18
727,one_time,True,True,2020-09-23
728,one_time,True,True,2020-09-25
729,occasional,False,True,2020-09-26
730,one_time,False,False,2020-09-27
731,occasional,False,True,2020-09-28
732,regular,False,False,2020-09-29
733,one_time,True,False,2020-10-03
734,one_time,True,False,2020-10-04
735,one_time,False,True,2020-10-05
736,occasional,False,True,2020-10-06
737,occasional,True,False,2020-10-07
738,occasional,False,False,2020-10-08
739,occasional,False,False,2020-10-09
740,regular,True,False,2020-10-11
741,occasional,False,True,2020-10-12
742,occasional,False,True,2020-10-13
743,one_time,False,False,2020-10-14
744,one_time,True,True,2020-10-16
745,occasional,False,True,2020-10-18
746,occasional,True,False,2020-10-19
747,occasional,False,True,2020-10-20
748,occasional,False,True,2020-10-22
749,one_time,False,False,2020-10-23
750,occasional,False,False,2020-10-24
751,one_time,True,True,2020-10-25
752,occasional,False,True,2020-10-26
753,occasional,False,False,2020-10-28
754,occasional,True,False,2020-10-29
755,occasional,False,True,2020-10-30
756,occasional,False,True,2020-11-01
757,occasional,True,False,2020-11-02
758,occasional,True,True,2020-11-05
759,occasional,True,True,2020-11-07
760,regular,False,True,2020-11-08
761,one_time,False,False,2020-11-09
762,occasional,False,False,2020-11-10
763,occasional,False,False,2020-11-11
764,occasional,False,True,2020-11-12
765,occasional,True,True,2020-11-13
766,occasional,False,True,2020-11-14
767,regular,True,True,2020-11-15
768,one_time,False,True,2020-11-18
769,occasional,False,True,2020-11-20
770,one_time,False,False,2020-11-25
771,occasional,False,False,2020-11-26
772,occasional,False,True,2020-11-28
773,one_time,False,False,2020-12-06
774,occasional,True,False,2020-12-07
775,regular,True,True,2020-12-08
776,one_time,False,True,2020-12-09
777,occasional,False,False,2020-12-10
778,one_time,True,False,2020-12-11
779,regular,True,False,2020-12-12
780,occasional,True,True,2020-12-13
781,occasional,False,False,2020-12-14
782,one_time,False,True,2020-12-15
783,occasional,False,False,2020-12-16
784,one_time,True,False,2020-12-17
785,one_time,False,True,2020-12-21
786,occasional,True,True,2020-12-23
787,occasional,False,False,2020-12-26
788,regular,False,False,2020-12-28
789,regular,True,True,2020-12-30
790,occasional,False,False,2021-01-01
791,one_time,True,True,2021-01-04
792,regular,False,False,2021-01-05
793,occasional,True,True,2021-01-07
794,one_time,False,True,2021-01-08
795,occasional,False,True,2021-01-11
796,occasional,True,False,2021-01-13
797,regular,False,False,2021-01-14
798,occasional,True,False,2021-01-16
799,one_time,True,False,2021-01-17
800,one_time,True,True,2021-01-18
801,regular,False,False,2021-01-19
802,occasional,False,False,2021-01-20
803,occasional,False,True,2021-01-21
804,occasional,True,False,2021-01-22
805,occasional,False,True,2021-01-23
806,regular,False,True,2021-01-25
807,occasional,False,False,2021-01-26
808,regular,False,True,2021-01-27
809,occasional,True,False,2021-01-28
810,occasional,True,False,2021-01-30
811,one_time,False,True,2021-01-31
812,occasional,True,True,2021-02-03
813,one_time,False,True,2021-02-04
814,regular,True,False,2021-02-05
815,one_time,False,True,2021-02-07
816,one_time,False,True,2021-02-09
817,one_time,False,False,2021-02-11
818,one_time,True,False,2021-02-13
819,regular,True,True,2021-02-14
820,occasional,False,False,2021-02-15
821,occasional,True,True,2021-02-17
822,occasional,False,True,2021-02-20
823,occasional,True,False,2021-02-21
824,one_time,True,True,2021-02-22
825,regular,False,False,2021-02-23
826,occasional,False,True,2021-02-24
827,occasional,False,True,2021-02-25
828,occasional,False,False,2021-02-26
829,regular,False,False,2021-02-28
830,one_time,False,True,2021-03-01
831,one_time,False,True,2021-03-03
832,occasional,True,False,2021-03-04
833,one_time,False,True,2021-03-07
834,one_time,True,True,2021-03-08
835,occasional,False,True,2021-03-09
836,one_time,False,False,2021-03-10
837,occasional,False,False,2021-03-11
838,regular,False,False,2021-03-13
839,occasional,False,True,2021-03-16
840,occasional,False,True,2021-03-17
841,regular,True,True,2021-03-18
842,regular,True,False,2021-03-20
843,occasional,False,False,2021-03-21
844,occasional,False,True,2021-03-22
845,regular,True,False,2021-03-23
846,occasional,False,False,2021-03-26
847,one_time,True,True,2021-03-27
848,regular,True,False,2021-03-28
849,occasional,False,True,2021-03-29
850,regular,True,True,2021-03-30
851,occasional,False,False,2021-03-31
852,occasional,True,True,2021-04-01
853,occasional,True,False,2021-04-03
854,occasional,False,False,2021-04-05
855,occasional,False,False,2021-04-07
856,occasional,False,False,2021-04-08
857,one_time,True,True,2021-04-10
858,one_time,False,True,2021-04-11
859,one_time,True,False,2021-04-12
860,one_time,True,True,2021-04-13
861,occasional,True,True,2021-04-15
862,one_time,False,True,2021-04-18
863,one_time,True,False,2021-04-19
864,occasional,False,False,2021-04-20
865,occasional,True,False,2021-04-21
866,occasional,False,True,2021-04-22
867,occasional,True,True,2021-04-24
868,one_time,True,True,2021-04-25
869,one_time,False,True,2021-04-26
870,occasional,False,True,2021-04-29
871,occasional,False,False,2021-05-01
872,occasional,False,False,2021-05-02
873,regular,False,True,2021-05-03
874,occasional,False,True,2021-05-04
875,one_time,False,False,2021-05-05
876,occasional,False,True,2021-05-06
877,one_time,True,True,2021-05-07
878,one_time,False,True,2021-05-08
879,one_time,True,True,2021-05-09
880,occasional,False,True,2021-05-10
881,one_time,True,True,2021-05-11
882,regular,True,True,2021-05-12
883,occasional,True,True,2021-05-15
884,occasional,False,False,2021-05-17
885,one_time,True,True,2021-05-18
886,regular,True,False,2021-05-19
887,occasional,True,False,2021-05-20
888,regular,False,False,2021-05-21
889,occasional,False,False,2021-05-22
890,occasional,False,False,2021-05-23
891,one_time,False,True,2021-05-24
892,one_time,False,True,2021-05-25
893,occasional,True,True,2021-05-26
894,one_time,True,True,2021-05-27
895,occasional,False,False,2021-05-29
896,occasional,True,False,2021-05-31
897,occasional,False,False,2021-06-02
898,occasional,False,True,2021-06-03
899,one_time,False,True,2021-06-05
900,one_time,True,False,2021-06-06
901,regular,False,True,2021-06-08
902,occasional,False,False,2021-06-09
903,one_time,True,False,2021-06-11
904,one_time,False,False,2021-06-12
905,one_time,True,True,2021-06-13
906,one_time,False,True,2021-06-14
907,regular,True,False,2021-06-16
908,occasional,False,True,2021-06-18
909,occasional,True,False,2021-06-22
910,occasional,False,False,2021-06-23
911,occasional,True,True,2021-06-25
912,one_time,False,True,2021-06-26
913,occasional,False,False,2021-06-28
914,one_time,False,False,2021-06-30
915,one_time,False,False,2021-07-02
916,one_time,False,True,2021-07-04
917,occasional,True,False,2021-07-05
918,occasional,False,True,2021-07-06
919,occasional,False,True,2021-07-07
920,regular,False,False,2021-07-08
921,regular,False,True,2021-07-10
922,occasional,False,True,2021-07-11
923,occasional,True,True,2021-07-12
924,one_time,False,False,2021-07-13
925,occasional,False,True,2021-07-15
926,one_time,False,False,2021-07-16
927,occasional,True,False,2021-07-17
928,one_time,True,False,2021-07-18
929,occasional,False,True,2021-07-19
930,occasional,False,True,2021-07-22
931,regular,False,True,2021-07-23
932,occasional,False,True,2021-07-24
933,occasional,False,False,2021-07-27
934,one_time,False,True,2021-07-28
935,occasional,True,True,2021-07-29
936,occasional,False,True,2021-07-30
937,occasional,True,True,2021-07-31
938,occasional,False,True,2021-08-01
939,regular,True,True,2021-08-02
940,regular,False,True,2021-08-03
941,occasional,True,False,2021-08-04
942,occasional,True,True,2021-08-05
943,one_time,False,True,2021-08-07
944,one_time,False,True,2021-08-09
945,one_time,True,False,2021-08-10
946,occasional,False,True,2021-08-11
947,one_time,False,False,2021-08-12
948,one_time,False,True,2021-08-13
949,occasional,True,True,2021-08-15
950,one_time,False,False,2021-08-16
951,regular,False,False,2021-08-17
952,one_time,True,False,2021-08-19
953,one_time,False,True,2021-08-20
954,occasional,True,True,2021-08-22
955,occasional,False,True,2021-08-23
956,occasional,False,True,2021-08-24
957,regular,True,False,2021-08-26
958,one_time,False,True,2021-08-29
959,occasional,False,True,2021-08-31
960,one_time,False,True,2021-09-03
961,one_time,True,False,2021-09-04
962,one_time,False,True,2021-09-05
963,one_time,True,True,2021-09-06
964,one_time,False,True,2021-09-07
965,occasional,True,True,2021-09-08
966,regular,True,False,2021-09-11
967,occasional,False,True,2021-09-12
968,one_time,False,False,2021-09-13
969,regular,True,True,2021-09-16
970,one_time,False,True,2021-09-17
971,one_time,True,True,2021-09-18
972,one_time,False,False,2021-09-19
973,one_time,False,False,2021-09-24
974,one_time,False,True,2021-09-26
975,occasional,False,False,2021-09-27
976,occasional,False,False,2021-10-01
977,occasional,True,False,2021-10-02
978,regular,True,False,2021-10-03
979,regular,False,True,2021-10-04
980,regular,False,False,2021-10-05
981,occasional,True,False,2021-10-07
982,regular,False,True,2021-10-08
983,occasional,True,False,2021-10-09
984,one_time,False,False,2021-10-10
985,occasional,True,False,2021-10-11
986,occasional,False,True,2021-10-13
987,occasional,False,False,2021-10-14
988,occasional,True,True,2021-10-15
989,regular,False,False,2021-10-16
990,occasional,True,True,2021-10-17
991,occasional,False,True,2021-10-20
992,one_time,False,True,2021-10-21
993,regular,True,True,2021-10-23
994,occasional,False,True,2021-10-24
995,one_time,False,True,2021-10-25
996,one_time,True,False,2021-10-27
997,occasional,False,False,2021-10-28
998,one_time,False,True,2021-10-30
999,one_time,False,True,2021-11-01
1000,occasional,True,False,2021-11-03
1001,occasional,False,True,2021-11-05
1002,regular,False,True,2021-11-06
1003,occasional,False,False,2021-11-08
1004,occasional,True,False,2021-11-09
1005,one_time,False,False,2021-11-10
1006,regular,False,True,2021-11-14
1007,one_time,False,False,2021-11-15
1008,one_time,False,True,2021-11-16
1009,one_time,True,False,2021-11-17
1010,regular,False,True,2021-11-18
1011,occasional,False,True,2021-11-19
1012,occasional,False,True,2021-11-20
1013,regular,True,True,2021-11-21
1014,one_time,False,True,2021-11-22
1015,one_time,True,True,2021-11-24
1016,one_time,False,True,2021-11-26
1017,one_time,False,True,2021-11-28
1018,occasional,False,False,2021-11-30
1019,one_time,False,True,2021-12-01
1020,occasional,True,True,2021-12-03
1021,occasional,False,True,2021-12-05
1022,one_time,False,True,2021-12-06
1023,occasional,False,True,2021-12-07
1024,one_time,False,True,2021-12-09
1025,occasional,False,False,2021-12-12
1026,one_time,False,True,2021-12-13
1027,occasional,False,True,2021-12-14
1028,regular,False,True,2021-12-17
1029,regular,False,True,2021-12-18
1030,one_time,False,False,2021-12-20
1031,one_time,False,True,2021-12-22
1032,occasional,True,True,2021-12-23
1033,one_time,False,True,2021-12-24
1034,regular,True,True,2021-12-25
1035,occasional,False,True,2021-12-26
1036,one_time,False,False,2021-12-27
1037,occasional,False,True,2021-12-28
1038,occasional,False,True,2021-12-29
1039,regular,False,True,2021-12-30
1040,regular,True,True,2021-12-31
1041,one_time,True,True,2022-01-02
1042,occasional,False,True,2022-01-03
1043,regular,True,True,2022-01-06
1044,one_time,True,True,2022-01-07
1045,occasional,True,False,2022-01-09
1046,occasional,True,False,2022-01-10
1047,occasional,False,False,2022-01-11
1048,occasional,True,True,2022-01-12
1049,occasional,False,True,2022-01-13
1050,occasional,True,True,2022-01-14
1051,occasional,False,True,2022-01-15
1052,regular,True,True,2022-01-17
1053,occasional,False,False,2022-01-18
1054,one_time,False,True,2022-01-20
1055,one_time,False,True,2022-01-23
1056,one_time,False,True,2022-01-26
1057,one_time,True,True,2022-01-27
1058,occasional,False,False,2022-01-28
1059,regular,False,False,2022-01-29
1060,one_time,True,True,2022-01-31
1061,occasional,True,True,2022-02-01
1062,one_time,True,True,2022-02-02
1063,one_time,False,True,2022-02-06
1064,occasional,False,True,2022-02-07
1065,regular,True,False,2022-02-08
1066,one_time,False,True,2022-02-09
1067,one_time,True,False,2022-02-10
1068,regular,False,True,2022-02-11
1069,one_time,True,True,2022-02-12
1070,occasional,False,True,2022-02-13
1071,occasional,False,True,2022-02-14
1072,one_time,False,True,2022-02-15
1073,one_time,True,True,2022-02-16
1074,one_time,False,True,2022-02-18
1075,occasional,False,False,2022-02-19
1076,one_time,True,False,2022-02-20
1077,one_time,True,True,2022-02-22
1078,one_time,False,True,2022-02-23
1079,one_time,False,True,2022-02-24
1080,one_time,False,True,2022-02-25
1081,one_time,False,True,2022-03-02
1082,occasional,True,True,2022-03-04
1083,one_time,True,False,2022-03-06
1084,regular,True,True,2022-03-08
1085,regular,False,True,2022-03-09
1086,one_time,False,False,2022-03-10
1087,occasional,True,True,2022-03-13
1088,one_time,True,False,2022-03-15
1089,occasional,False,False,2022-03-16
1090,occasional,False,True,2022-03-18
1091,regular,True,False,2022-03-19
1092,occasional,False,True,2022-03-20
1093,regular,False,False,2022-03-21
1094,occasional,True,False,2022-03-22
1095,one_time,True,True,2022-03-23
1096,one_time,False,True,2022-03-25
1097,occasional,True,True,2022-03-26
1098,regular,False,True,2022-03-27
1099,occasional,False,True,2022-03-29
1100,regular,False,True,2022-04-03
1101,occasional,True,False,2022-04-04
1102,occasional,True,False,2022-04-05
1103,one_time,True,True,2022-04-06
1104,one_time,False,True,2022-04-08
1105,occasional,True,True,2022-04-09
1106,one_time,True,True,2022-04-10
1107,occasional,False,True,2022-04-11
1108,regular,False,True,2022-04-13
1109,one_time,True,True,2022-04-14
1110,occasional,True,True,2022-04-15
1111,one_time,False,False,2022-04-16
1112,one_time,False,True,2022-04-17
1113,occasional,True,True,2022-04-18
1114,one_time,False,False,2022-04-19
1115,occasional,False,True,2022-04-20
1116,one_time,False,False,2022-04-22
1117,regular,False,False,2022-04-24
1118,regular,True,True,2022-04-25
1119,occasional,False,True,2022-04-29
1120,occasional,False,True,2022-04-30
1121,one_time,False,True,2022-05-02
1122,occasional,False,True,2022-05-03
1123,one_time,False,True,2022-05-04
1124,regular,False,True,2022-05-07
1125,occasional,False,True,2022-05-08
1126,regular,True,True,2022-05-09
1127,one_time,False,True,2022-05-10
1128,regular,False,False,2022-05-12
1129,regular,True,False,2022-05-13
1130,one_time,False,True,2022-05-14
1131,regular,False,True,2022-05-15
1132,occasional,False,True,2022-05-16
1133,regular,False,False,2022-05-17
1134,regular,False,False,2022-05-18
1135,regular,False,True,2022-05-19
1136,occasional,True,False,2022-05-20
1137,regular,False,True,2022-05-21
1138,occasional,False,True,2022-05-22
1139,occasional,True,False,2022-05-23
1140,one_time,False,True,2022-05-25
1141,one_time,True,True,2022-05-27
1142,occasional,False,False,2022-05-30
1143,occasional,False,True,2022-05-31
1144,one_time,True,True,2022-06-02
1145,occasional,False,False,2022-06-03
1146,regular,False,True,2022-06-04
1147,regular,False,False,2022-06-06
1148,occasional,True,False,2022-06-07
1149,one_time,True,True,2022-06-09
1150,occasional,False,True,2022-06-10
1151,one_time,False,True,2022-06-11
1152,regular,False,False,2022-06-12
1153,regular,False,True,2022-06-13
1154,occasional,False,True,2022-06-14
1155,one_time,True,True,2022-06-15
1156,regular,False,True,2022-06-16
1157,occasional,False,True,2022-06-20
1158,one_time,False,False,2022-06-24
1159,one_time,False,True,2022-06-26
1160,one_time,True,True,2022-06-27
1161,regular,False,True,2022-06-28
1162,occasional,True,True,2022-06-29
1163,occasional,False,True,2022-06-30
1164,one_time,True,False,2022-07-01
1165,occasional,True,True,2022-07-05
1166,one_time,True,True,2022-07-07
1167,one_time,False,True,2022-07-12
1168,occasional,False,True,2022-07-13
1169,one_time,False,True,2022-07-15
1170,regular,False,True,2022-07-16
1171,regular,True,True,2022-07-17
1172,one_time,True,True,2022-07-19
1173,occasional,False,True,2022-07-20
1174,occasional,False,False,2022-07-21
1175,one_time,False,True,2022-07-24
1176,one_time,False,True,2022-07-26
1177,one_time,True,False,2022-07-27
1178,one_time,True,True,2022-07-28
1179,occasional,False,True,2022-07-29
1180,occasional,False,True,2022-07-30
1181,one_time,False,False,2022-07-31
1182,one_time,True,True,2022-08-01
1183,one_time,True,True,2022-08-03
1184,occasional,True,False,2022-08-04
1185,regular,True,True,2022-08-05
1186,occasional,False,True,2022-08-06
1187,one_time,True,True,2022-08-07
1188,one_time,False,False,2022-08-10
1189,occasional,False,False,2022-08-11
1190,occasional,False,True,2022-08-12
1191,regular,False,True,2022-08-13
1192,regular,False,False,2022-08-14
1193,occasional,False,False,2022-08-16
1194,occasional,False,True,2022-08-17
1195,one_time,False,True,2022-08-18
1196,one_time,False,False,2022-08-20
1197,one_time,True,True,2022-08-21
1198,occasional,True,True,2022-08-24
1199,one_time,False,False,2022-08-28
1200,occasional,False,False,2022-08-31
1201,one_time,False,True,2022-09-01
1202,one_time,False,True,2022-09-02
1203,one_time,True,True,2022-09-03
1204,occasional,False,False,2022-09-04
1205,occasional,True,True,2022-09-05
1206,one_time,True,True,2022-09-06
1207,occasional,True,False,2022-09-07
1208,regular,False,True,2022-09-08
1209,one_time,True,True,2022-09-09
1210,one_time,False,True,2022-09-10
1211,occasional,True,False,2022-09-12
1212,occasional,True,False,2022-09-13
1213,occasional,True,True,2022-09-14
1214,occasional,True,True,2022-09-15
1215,occasional,True,True,2022-09-16
1216,one_time,False,True,2022-09-18
1217,occasional,False,True,2022-09-19
1218,regular,False,True,2022-09-20
1219,occasional,False,True,2022-09-21
1220,regular,True,True,2022-09-23
1221,regular,True,False,2022-09-25
1222,occasional,False,True,2022-09-26
1223,occasional,False,True,2022-09-29
1224,occasional,True,False,2022-09-30
1225,one_time,False,True,2022-10-01
1226,occasional,False,True,2022-10-03
1227,occasional,False,False,2022-10-04
1228,one_time,True,True,2022-10-05
1229,occasional,False,True,2022-10-06
1230,occasional,False,False,2022-10-09
1231,regular,True,True,2022-10-11
1232,one_time,True,True,2022-10-12
1233,one_time,True,True,2022-10-15
1234,one_time,False,True,2022-10-16
1235,occasional,False,True,2022-10-17
1236,occasional,False,False,2022-10-18
1237,one_time,False,True,2022-10-19
1238,one_time,True,True,2022-10-21
1239,occasional,True,False,2022-10-22
1240,one_time,False,True,2022-10-23
1241,occasional,False,True,2022-10-25
1242,occasional,False,True,2022-10-26
1243,regular,True,True,2022-10-29
1244,one_time,True,True,2022-10-31
1245,occasional,False,True,2022-11-02
1246,one_time,False,True,2022-11-03
1247,regular,False,False,2022-11-06
1248,occasional,True,False,2022-11-07
1249,one_time,False,True,2022-11-08
1250,one_time,True,True,2022-11-09
1251,one_time,False,False,2022-11-10
1252,one_time,False,True,2022-11-11
1253,regular,False,True,2022-11-12
1254,occasional,False,True,2022-11-13
1255,occasional,False,False,2022-11-14
1256,occasional,True,False,2022-11-16
1257,occasional,False,False,2022-11-19
1258,occasional,False,True,2022-11-21
1259,occasional,True,True,2022-11-23
1260,regular,False,False,2022-11-25
1261,occasional,False,True,2022-11-26
1262,one_time,False,True,2022-11-27
1263,occasional,True,False,2022-11-28
1264,occasional,False,False,2022-12-01
1265,occasional,False,True,2022-12-02
1266,occasional,True,False,2022-12-03
1267,one_time,True,True,2022-12-04
1268,occasional,False,False,2022-12-06
1269,one_time,False,False,2022-12-08
1270,one_time,False,True,2022-12-10
1271,occasional,False,True,2022-12-11
1272,one_time,True,True,2022-12-12
1273,occasional,False,False,2022-12-13
1274,regular,True,True,2022-12-14
1275,regular,True,True,2022-12-15
1276,regular,False,True,2022-12-17
1277,one_time,False,True,2022-12-18
1278,occasional,False,True,2022-12-19
1279,regular,False,False,2022-12-20
1280,one_time,True,True,2022-12-23
1281,one_time,True,False,2022-12-24
1282,one_time,False,True,2022-12-26
1283,regular,False,True,2022-12-29
1284,occasional,True,True,2022-12-30
1285,occasional,False,True,2023-01-01
1286,one_time,True,False,2023-01-02
1287,one_time,False,False,2023-01-03
1288,one_time,True,True,2023-01-05
1289,one_time,False,True,2023-01-07
1290,one_time,False,False,2023-01-08
1291,one_time,False,True,2023-01-10
1292,one_time,False,True,2023-01-12
1293,one_time,False,True,2023-01-14
1294,occasional,False,False,2023-01-15
1295,regular,True,True,2023-01-16
1296,one_time,False,True,2023-01-18
1297,one_time,False,True,2023-01-21
1298,occasional,True,True,2023-01-22
1299,occasional,False,True,2023-01-23
1300,one_time,False,False,2023-01-26
1301,occasional,False,True,2023-01-27
1302,one_time,True,True,2023-01-28
1303,occasional,False,False,2023-01-31
1304,one_time,True,True,2023-02-01
1305,one_time,False,True,2023-02-03
1306,regular,False,True,2023-02-04
1307,regular,True,True,2023-02-05
1308,occasional,True,True,2023-02-07
1309,occasional,False,True,2023-02-08
1310,regular,True,True,2023-02-09
1311,regular,False,False,2023-02-10
1312,occasional,False,True,2023-02-12
1313,occasional,True,False,2023-02-14
1314,occasional,True,False,2023-02-18
1315,occasional,False,True,2023-02-20
1316,occasional,True,True,2023-02-22
1317,occasional,True,False,2023-02-23
1318,regular,False,False,2023-02-24
1319,one_time,True,True,2023-02-25
1320,occasional,True,True,2023-02-26
1321,occasional,True,True,2023-03-01
1322,regular,False,False,2023-03-03
1323,occasional,True,True,2023-03-04
1324,occasional,False,False,2023-03-05
1325,one_time,True,False,2023-03-07
1326,regular,False,True,2023-03-08
1327,regular,False,False,2023-03-10
1328,occasional,False,False,2023-03-11
1329,occasional,False,True,2023-03-12
1330,occasional,False,True,2023-03-13
1331,regular,True,True,2023-03-14
1332,occasional,False,True,2023-03-15
1333,one_time,True,False,2023-03-17
1334,regular,False,True,2023-03-18
1335,occasional,False,False,2023-03-20
1336,occasional,False,True,2023-03-21
1337,regular,False,True,2023-03-22
1338,occasional,False,False,2023-03-23
1339,one_time,True,False,2023-03-24
1340,occasional,True,False,2023-03-25
1341,one_time,False,True,2023-03-26
1342,regular,False,False,2023-03-29
1343,one_time,False,True,2023-03-30
1344,occasional,False,False,2023-03-31
1345,occasional,True,True,2023-04-01
1346,occasional,True,False,2023-04-02
1347,occasional,True,False,2023-04-03
1348,regular,False,False,2023-04-04
1349,one_time,False,True,2023-04-05
1350,occasional,True,True,2023-04-06
1351,occasional,True,True,2023-04-07
1352,occasional,False,True,2023-04-08
1353,regular,False,True,2023-04-09
1354,regular,True,True,2023-04-10
1355,occasional,False,False,2023-04-11
1356,regular,False,True,2023-04-12
1357,occasional,True,False,2023-04-13
1358,regular,False,False,2023-04-14
1359,one_time,True,True,2023-04-16
1360,regular,True,False,2023-04-17
1361,one_time,False,False,2023-04-18
1362,occasional,True,True,2023-04-19
1363,occasional,True,True,2023-04-20
1364,occasional,False,True,2023-04-21
1365,regular,False,False,2023-04-23
1366,occasional,False,False,2023-04-24
1367,regular,True,False,2023-04-25
1368,occasional,False,False,2023-04-26
1369,one_time,False,True,2023-04-29
1370,one_time,True,False,2023-04-30
1371,one_time,False,True,2023-05-01
1372,one_time,False,False,2023-05-02
1373,regular,True,True,2023-05-05
1374,occasional,False,False,2023-05-06
1375,occasional,True,False,2023-05-08
1376,one_time,True,True,2023-05-09
1377,one_time,False,False,2023-05-10
1378,occasional,True,True,2023-05-11
1379,one_time,False,True,2023-05-12
1380,one_time,False,True,2023-05-13
1381,occasional,False,True,2023-05-14
1382,occasional,False,True,2023-05-15
1383,occasional,True,True,2023-05-16
1384,occasional,False,False,2023-05-17
1385,one_time,True,False,2023-05-19
1386,occasional,True,True,2023-05-20
1387,one_time,True,True,2023-05-21
1388,one_time,False,False,2023-05-22
1389,regular,False,True,2023-05-23
1390,occasional,False,True,2023-05-24
1391,occasional,False,True,2023-05-25
1392,one_time,False,True,2023-05-26
1393,regular,False,True,2023-05-27
1394,one_time,True,False,2023-05-30
1395,regular,False,True,2023-05-31
1396,one_time,False,True,2023-06-01
1397,one_time,False,True,2023-06-02
1398,occasional,False,True,2023-06-06
1399,occasional,False,True,2023-06-07
1400,occasional,False,False,2023-06-08
1401,one_time,False,True,2023-06-10
1402,one_time,True,False,2023-06-11
1403,regular,False,True,2023-06-12
1404,regular,True,True,2023-06-13
1405,occasional,False,True,2023-06-14
1406,one_time,True,True,2023-06-15
1407,one_time,False,True,2023-06-16
1408,occasional,False,False,2023-06-18
1409,regular,True,False,2023-06-19
1410,occasional,False,True,2023-06-21
1411,one_time,False,True,2023-06-22
1412,occasional,False,True,2023-06-24
1413,regular,False,False,2023-06-25
1414,regular,True,True,2023-06-26
1415,occasional,True,True,2023-06-27
1416,occasional,False,True,2023-06-28
1417,occasional,True,True,2023-06-29
1418,occasional,False,True,2023-07-01
1419,regular,False,True,2023-07-03
1420,occasional,False,True,2023-07-04
1421,occasional,False,True,2023-07-05
1422,occasional,True,True,2023-07-08
1423,one_time,False,False,2023-07-10
1424,regular,False,True,2023-07-11
1425,occasional,True,True,2023-07-12
1426,occasional,False,False,2023-07-15
1427,occasional,True,True,2023-07-16
1428,regular,True,True,2023-07-17
1429,one_time,False,True,2023-07-18
1430,regular,False,True,2023-07-19
1431,occasional,False,True,2023-07-20
1432,occasional,True,True,2023-07-21
1433,one_time,False,True,2023-07-22
1434,occasional,False,True,2023-07-23
1435,regular,False,False,2023-07-25
1436,occasional,True,False,2023-07-27
1437,one_time,True,False,2023-07-28
1438,regular,True,True,2023-07-29
1439,regular,True,True,2023-08-01
1440,one_time,False,True,2023-08-05
1441,occasional,False,False,2023-08-08
1442,occasional,False,True,2023-08-09
1443,regular,True,True,2023-08-10
1444,occasional,True,True,2023-08-11
1445,one_time,True,False,2023-08-14
1446,occasional,False,False,2023-08-15
1447,one_time,False,True,2023-08-16
1448,regular,False,False,2023-08-17
1449,regular,True,True,2023-08-20
1450,one_time,False,True,2023-08-21
1451,occasional,True,True,2023-08-22
1452,one_time,True,True,2023-08-24
1453,occasional,False,False,2023-08-26
1454,one_time,True,True,2023-08-27
1455,occasional,True,True,2023-08-28
1456,occasional,True,True,2023-08-29
1457,regular,False,True,2023-08-31
1458,occasional,False,True,2023-09-04
1459,occasional,True,False,2023-09-05
1460,occasional,False,False,2023-09-06
1461,one_time,False,True,2023-09-08
1462,one_time,True,False,2023-09-09
1463,one_time,False,False,2023-09-11
1464,occasional,True,True,2023-09-12
1465,one_time,False,True,2023-09-13
1466,regular,True,True,2023-09-14
1467,occasional,True,True,2023-09-15
1468,occasional,True,True,2023-09-16
1469,occasional,False,False,2023-09-17
1470,occasional,False,True,2023-09-18
1471,occasional,True,False,2023-09-21
1472,occasional,False,True,2023-09-22
1473,regular,False,True,2023-09-23
1474,one_time,False,True,2023-09-25
1475,one_time,False,True,2023-09-26
1476,one_time,False,False,2023-09-28
1477,occasional,False,False,2023-09-29
1478,one_time,True,True,2023-09-30
1479,one_time,True,False,2023-10-03
1480,occasional,False,False,2023-10-04
1481,regular,False,True,2023-10-05
1482,one_time,False,True,2023-10-06
1483,one_time,True,True,2023-10-08
1484,occasional,False,True,2023-10-09
1485,one_time,True,True,2023-10-11
1486,occasional,False,False,2023-10-13
1487,regular,False,False,2023-10-16
1488,occasional,True,False,2023-10-22
1489,occasional,True,True,2023-10-25
1490,one_time,True,True,2023-10-28
1491,one_time,False,True,2023-10-29
1492,occasional,True,False,2023-10-30
1493,one_time,True,True,2023-11-01
1494,one_time,False,True,2023-11-02
1495,occasional,False,False,2023-11-03
1496,one_time,False,True,2023-11-04
1497,one_time,False,False,2023-11-05
1498,one_time,True,True,2023-11-07
1499,occasional,True,False,2023-11-08
1500,occasional,False,True,2023-11-09
1501,one_time,True,True,2023-11-10
1502,one_time,False,True,2023-11-11
1503,one_time,False,False,2023-11-13
1504,one_time,True,True,2023-11-14
1505,one_time,True,True,2023-11-17
1506,one_time,False,True,2023-11-18
1507,one_time,False,True,2023-11-20
1508,occasional,True,True,2023-11-22
1509,occasional,False,True,2023-11-23
1510,one_time,False,False,2023-11-24
1511,regular,True,True,2023-11-26
1512,occasional,False,False,2023-11-27
1513,occasional,False,False,2023-11-28
1514,regular,False,True,2023-11-30
1515,one_time,True,False,2023-12-01
1516,one_time,False,False,2023-12-02
1517,occasional,True,False,2023-12-03
1518,occasional,True,True,2023-12-05
1519,one_time,False,True,2023-12-06
1520,one_time,False,False,2023-12-07
1521,regular,False,True,2023-12-08
1522,occasional,False,True,2023-12-09
1523,occasional,True,False,2023-12-12
1524,occasional,False,True,2023-12-14
1525,occasional,False,True,2023-12-16
1526,one_time,False,True,2023-12-17
1527,occasional,False,True,2023-12-19
1528,one_time,False,True,2023-12-20
1529,one_time,False,True,2023-12-21
1530,occasional,False,True,2023-12-22
1531,occasional,True,True,2023-12-23
1532,one_time,False,True,2023-12-26
1533,regular,False,False,2023-12-27
1534,regular,True,False,2023-12-28
1535,one_time,True,True,2023-12-29
1536,one_time,False,False,2023-12-30
1537,one_time,False,False,2023-12-31
1538,one_time,True,True,2024-01-02
1539,occasional,True,True,2024-01-03
1540,regular,True,True,2024-01-04
1541,one_time,False,False,2024-01-05
1542,occasional,True,False,2024-01-06
1543,occasional,False,True,2024-01-07
1544,occasional,True,False,2024-01-12
1545,occasional,False,False,2024-01-13
1546,one_time,False,True,2024-01-14
1547,regular,False,True,2024-01-15
1548,one_time,False,False,2024-01-16
1549,one_time,True,True,2024-01-18
1550,one_time,False,False,2024-01-19
1551,occasional,True,True,2024-01-21
1552,occasional,False,True,2024-01-22
1553,regular,True,True,2024-01-24
1554,occasional,True,False,2024-01-25
1555,one_time,False,True,2024-01-26
1556,regular,True,False,2024-01-29
1557,occasional,False,False,2024-01-30
1558,regular,True,False,2024-01-31
1559,occasional,False,True,2024-02-01
1560,regular,True,True,2024-02-04
1561,occasional,False,True,2024-02-05
1562,one_time,True,True,2024-02-06
1563,occasional,True,True,2024-02-07
1564,one_time,False,False,2024-02-08
1565,regular,False,False,2024-02-10
1566,occasional,False,True,2024-02-11
1567,occasional,True,False,2024-02-14
1568,one_time,False,False,2024-02-15
1569,one_time,False,False,2024-02-16
1570,one_time,False,True,2024-02-17
1571,occasional,True,True,2024-02-18
1572,occasional,False,False,2024-02-19
1573,one_time,True,True,2024-02-21
1574,occasional,True,False,2024-02-22
1575,regular,False,True,2024-02-23
1576,occasional,True,True,2024-02-24
1577,occasional,False,False,2024-02-25
1578,occasional,False,True,2024-02-26
1579,occasional,False,True,2024-02-27
1580,occasional,True,True,2024-02-28
1581,occasional,False,False,2024-02-29
1582,one_time,False,False,2024-03-04
1583,one_time,False,True,2024-03-06
1584,occasional,True,True,2024-03-07
1585,one_time,True,True,2024-03-08
1586,occasional,False,True,2024-03-10
1587,one_time,True,True,2024-03-11
1588,one_time,False,False,2024-03-12
1589,one_time,True,True,2024-03-13
1590,one_time,False,True,2024-03-16
1591,occasional,False,True,2024-03-17
1592,regular,True,True,2024-03-18
1593,one_time,True,True,2024-03-19
1594,regular,False,True,2024-03-20
1595,regular,False,False,2024-03-23
1596,one_time,False,False,2024-03-24
1597,one_time,False,True,2024-03-26
1598,occasional,False,True,2024-03-27
1599,one_time,False,True,2024-03-28
1600,occasional,False,False,2024-03-30
1601,one_time,True,True,2024-04-03
1602,one_time,False,False,2024-04-05
1603,one_time,False,True,2024-04-07
1604,occasional,True,True,2024-04-08
1605,regular,False,False,2024-04-09
1606,occasional,False,True,2024-04-11
1607,one_time,False,False,2024-04-12
1608,one_time,False,False,2024-04-13
1609,one_time,False,True,2024-04-14
1610,one_time,True,True,2024-04-16
1611,occasional,True,True,2024-04-17
1612,one_time,False,False,2024-04-18
1613,regular,False,False,2024-04-19
1614,one_time,False,True,2024-04-20
1615,one_time,False,True,2024-04-21
1616,occasional,True,False,2024-04-22
1617,regular,True,True,2024-04-23
1618,regular,False,False,2024-04-25
1619,occasional,False,False,2024-04-26
1620,occasional,True,False,2024-04-27
1621,regular,True,False,2024-04-28
1622,occasional,False,False,2024-04-29
1623,one_time,True,True,2024-04-30
1624,occasional,False,True,2024-05-01
1625,regular,True,True,2024-05-03
1626,regular,True,True,2024-05-04
1627,occasional,False,False,2024-05-05
1628,regular,False,False,2024-05-08
1629,one_time,True,True,2024-05-09
1630,one_time,True,False,2024-05-10
1631,occasional,False,False,2024-05-11
1632,one_time,False,True,2024-05-12
1633,one_time,False,False,2024-05-13
1634,one_time,False,True,2024-05-14
1635,occasional,False,True,2024-05-15
1636,regular,False,False,2024-05-16
1637,one_time,False,True,2024-05-18
1638,regular,False,False,2024-05-19
1639,one_time,False,False,2024-05-20
1640,occasional,False,False,2024-05-21
1641,occasional,True,True,2024-05-22
1642,regular,False,True,2024-05-23
1643,occasional,False,True,2024-05-24
1644,regular,False,False,2024-05-25
1645,one_time,True,True,2024-05-26
1646,occasional,False,True,2024-05-27
1647,occasional,True,False,2024-05-28
1648,one_time,True,False,2024-05-29
1649,regular,False,False,2024-05-30
1650,occasional,True,False,2024-05-31
1651,occasional,False,False,2024-06-01
1652,occasional,False,False,2024-06-04
1653,occasional,True,True,2024-06-05
1654,occasional,True,True,2024-06-07
1655,one_time,True,True,2024-06-09
1656,regular,False,True,2024-06-10
1657,one_time,True,False,2024-06-12
1658,regular,False,True,2024-06-13
1659,one_time,True,True,2024-06-14
1660,occasional,False,True,2024-06-15
1661,one_time,True,True,2024-06-17
1662,one_time,True,True,2024-06-18
1663,one_time,False,True,2024-06-19
1664,occasional,False,True,2024-06-21
1665,one_time,False,True,2024-06-22
1666,one_time,True,True,2024-06-23
1667,regular,False,True,2024-06-24
1668,occasional,False,True,2024-06-26
1669,occasional,False,True,2024-06-27
1670,one_time,False,True,2024-06-29
1671,one_time,False,True,2024-06-30
1672,one_time,False,False,2024-07-01
1673,occasional,False,True,2024-07-02
1674,occasional,True,False,2024-07-03
1675,one_time,False,False,2024-07-04
1676,one_time,False,True,2024-07-05
1677,one_time,False,True,2024-07-06
1678,regular,False,True,2024-07-09
1679,regular,False,True,2024-07-11
1680,one_time,False,False,2024-07-12
1681,regular,True,True,2024-07-14
1682,one_time,False,True,2024-07-15
1683,occasional,False,True,2024-07-16
1684,one_time,False,False,2024-07-17
1685,occasional,False,True,2024-07-19
1686,occasional,False,False,2024-07-20
1687,one_time,True,True,2024-07-21
1688,occasional,False,True,2024-07-24
1689,regular,False,True,2024-07-25
1690,regular,True,True,2024-07-26
1691,one_time,True,False,2024-07-27
1692,occasional,False,True,2024-07-29
1693,one_time,False,True,2024-07-30
1694,occasional,False,False,2024-07-31
1695,one_time,False,True,2024-08-01
1696,one_time,False,True,2024-08-04
1697,one_time,False,True,2024-08-05
1698,occasional,False,True,2024-08-07
1699,one_time,False,True,2024-08-08
1700,one_time,False,False,2024-08-10
1701,occasional,False,True,2024-08-11
1702,occasional,False,True,2024-08-12
1703,one_time,True,False,2024-08-15
1704,regular,True,False,2024-08-19
1705,one_time,False,False,2024-08-20
1706,occasional,True,True,2024-08-21
1707,one_time,True,True,2024-08-23
1708,regular,True,True,2024-08-24
1709,one_time,False,False,2024-08-25
1710,one_time,False,True,2024-08-27
1711,one_time,False,True,2024-08-28
1712,occasional,True,False,2024-08-29
1713,occasional,True,True,2024-08-30
1714,one_time,True,False,2024-08-31
1715,regular,False,False,2024-09-01
1716,regular,True,False,2024-09-02
1717,occasional,True,False,2024-09-03
1718,occasional,False,True,2024-09-06
1719,one_time,False,True,2024-09-07
1720,regular,False,False,2024-09-08
1721,occasional,True,True,2024-09-09
1722,occasional,True,True,2024-09-10
1723,occasional,True,True,2024-09-11
1724,regular,False,False,2024-09-12
1725,occasional,False,True,2024-09-13
1726,one_time,True,True,2024-09-14
1727,occasional,True,True,2024-09-15
1728,occasional,False,False,2024-09-16
1729,regular,True,True,2024-09-18
1730,one_time,False,True,2024-09-19
1731,occasional,False,True,2024-09-20
1732,occasional,False,True,2024-09-21
1733,occasional,False,False,2024-09-23
1734,occasional,False,True,2024-09-25
1735,occasional,False,True,2024-09-26
1736,occasional,False,True,2024-09-28
1737,one_time,True,True,2024-09-29
1738,occasional,True,True,2024-10-01
1739,regular,True,True,2024-10-03
1740,occasional,False,False,2024-10-04
1741,occasional,False,True,2024-10-06
1742,occasional,False,False,2024-10-07
1743,regular,False,True,2024-10-08
1744,one_time,False,True,2024-10-09
1745,regular,False,False,2024-10-10
1746,occasional,False,False,2024-10-14
1747,occasional,False,True,2024-10-15
1748,one_time,False,False,2024-10-16
1749,regular,True,False,2024-10-17
1750,occasional,False,False,2024-10-18
1751,regular,True,False,2024-10-24
1752,one_time,False,False,2024-10-26
1753,regular,True,False,2024-10-27
1754,occasional,True,True,2024-10-29
1755,one_time,False,True,2024-10-31
1756,one_time,False,True,2024-11-02
1757,one_time,False,True,2024-11-04
1758,occasional,False,True,2024-11-05
1759,one_time,False,True,2024-11-06
1760,occasional,False,True,2024-11-07
1761,one_time,False,True,2024-11-08
1762,occasional,True,True,2024-11-09
1763,occasional,False,False,2024-11-10
1764,regular,False,True,2024-11-11
1765,one_time,True,True,2024-11-12
1766,occasional,False,False,2024-11-13
1767,one_time,True,True,2024-11-14
1768,one_time,True,True,2024-11-15
1769,one_time,False,False,2024-11-16
1770,one_time,False,True,2024-11-17
1771,occasional,False,True,2024-11-18
1772,one_time,False,True,2024-11-19
1773,one_time,True,True,2024-11-20
1774,one_time,True,True,2024-11-21
1775,occasional,False,True,2024-11-22
1776,occasional,False,True,2024-11-23
1777,occasional,False,True,2024-11-24
1778,one_time,False,False,2024-11-26
1779,one_time,False,True,2024-11-28
1780,occasional,True,False,2024-12-02
1781,occasional,True,False,2024-12-03
1782,one_time,False,True,2024-12-04
1783,occasional,True,False,2024-12-08
1784,occasional,False,False,2024-12-10
1785,occasional,True,True,2024-12-11
1786,one_time,True,True,2024-12-12
1787,occasional,True,False,2024-12-13
1788,occasional,True,True,2024-12-14
1789,regular,True,False,2024-12-16
1790,one_time,False,False,2024-12-17
1791,one_time,True,True,2024-12-19
1792,occasional,False,True,2024-12-20
1793,occasional,True,True,2024-12-21
1794,regular,True,False,2024-12-22
1795,occasional,False,True,2024-12-23
1796,one_time,True,False,2024-12-26
1797,occasional,False,False,2024-12-27
1798,occasional,False,True,2024-12-28
1799,one_time,True,False,2024-12-29
1800,occasional,False,False,2024-12-30
